explanatory_variable,p_value,adjusted_r_squared,abs_corr
vxy_em_diff,7.506629540953959e-10,0.2089215110296634,0.46070095531376726
STLFSI4_diff,5.7286583218928675e-09,0.16900744412653046,0.41533000070707976
vxy_g7_diff,0.0008740494599579402,0.09529683597816718,0.3147985225133339
vix_diff,0.01855085041446709,0.05030863848762579,0.23302132590368874
gepu_diff,0.005220811368793656,0.03487308877455453,0.19734577325791178
