dependent_variable,explanatory_variable,coefficient,standard_error,t_statistic,p_value,r_squared,adjusted_r_squared,n_obs
dollar_log_return,vix_diff,0.0005846420541427578,0.0002483151448840197,2.354435749039093,0.01855085041446709,0.05429893832591304,0.05030863848762579,239.0
dollar_log_return,STLFSI4_diff,0.0096399601491142,0.0016550731214156683,5.824491996383006,5.7286583218928675e-09,0.1724990094873433,0.16900744412653046,239.0
dollar_log_return,vxy_g7_diff,0.0036619686805966127,0.0011002806763460396,3.328213208976615,0.0008740494599579402,0.09909810977657818,0.09529683597816718,239.0
dollar_log_return,vxy_em_diff,0.004489929702007549,0.000729473997414766,6.155023644324164,7.506629540953959e-10,0.21224537022701773,0.2089215110296634,239.0
dollar_log_return,gepu_diff,6.56675726815023e-05,2.3510775154657927e-05,2.7930841177940624,0.005220811368793656,0.03894535422276313,0.03487308877455453,238.0
