component,explained_variance_ratio,cumulative_explained_variance
PC1,0.7643390093910986,0.7643390093910986
PC2,0.1615448172825259,0.9258838266736245
PC3,0.07411617332637546,0.9999999999999999
