,PC1,PC2,PC3,PC4,PC5
vix_diff,0.4346729976162678,-0.3680999408192363,0.7629382810485529,0.26914869984062384,-0.1450723109243935
vxy_g7_diff,0.5288340318809427,-0.07720768423428152,-0.06590964253760925,-0.36293034904624233,0.7604676330926009
vxy_em_diff,0.516506209160272,-0.05902918230737123,-0.2625351805534966,-0.5113187201348399,-0.6319535876521476
STLFSI4_diff,0.48210886290573934,0.13965743404482925,-0.46679563124676615,0.7279901202859684,-0.014109175691844817
gepu_diff,0.17940549622142252,0.9140857529883019,0.35603120081240097,-0.06651383556046526,-0.03284201328282059
