,PC1,PC2,PC3,PC4
vix_diff,0.4530349672562591,0.8212706419128943,0.3191980479650164,-0.13559667160526423
vxy_g7_diff,0.5368839892874707,-0.02948098100442351,-0.3628338691730859,0.7610768930841856
vxy_em_diff,0.5242593272010928,-0.18461853377915283,-0.5382078316689595,-0.6335617450241855
STLFSI4_diff,0.481318042808026,-0.5390374768754352,0.6905045398014473,-0.031225321532497623
