,dollar_log_return,vix_diff,STLFSI4_diff,vxy_g7_diff,vxy_em_diff,gepu_diff
dollar_log_return,1.0,0.23302132590368874,0.41533000070707976,0.3147985225133339,0.46070095531376726,0.19734577325791178
vix_diff,0.23302132590368874,1.0,0.4604303499565078,0.6133735827875723,0.5476467691612604,0.013227116498393723
STLFSI4_diff,0.41533000070707976,0.4604303499565078,1.0,0.645879632809101,0.638992758784119,0.2826073609126291
vxy_g7_diff,0.3147985225133339,0.6133735827875723,0.645879632809101,1.0,0.7713456540612469,0.19738393284499162
vxy_em_diff,0.46070095531376726,0.5476467691612604,0.638992758784119,0.7713456540612469,1.0,0.18769863489359495
gepu_diff,0.19734577325791178,0.013227116498393723,0.2826073609126291,0.19738393284499162,0.18769863489359495,1.0
