,variable,abs_corr
vxy_em_diff,vxy_em_diff,0.46070095531376726
STLFSI4_diff,STLFSI4_diff,0.41533000070707976
vxy_g7_diff,vxy_g7_diff,0.3147985225133339
vix_diff,vix_diff,0.2330213259036888
gepu_diff,gepu_diff,0.1973457732579118
